{
    "intercept": -4.339465957911634e+91,
    "slope": -5.527412842717848e+96
}