{
    "intercept": 6873.554104493563,
    "slope": -0.005985084305916514,
    "km_min": 22899.0,
    "km_max": 240000.0,
    "price_min": 3650.0,
    "price_max": 8290.0
}