{
    "intercept": 7993.8645762890155,
    "slope": -0.021271757648460635,
    "km_min": 22899.0,
    "km_max": 240000.0,
    "price_min": 3650.0,
    "price_max": 8290.0
}