{
  "intercept": 3.5480877495312304,
  "slope": -11.158350450969516
}
